0x10000,0x0
0x10002,0x0
0x10004,0x0
0x10006,0x0
0x10008,0x0
0x1000A,0x0
0x1000C,0x0
0x1000E,0x100
0x10010,0x0
0x10012,0x90
0x10014,0x0
0x10016,0x1040
0x10018,0x0
0x1001A,0x0
0x1001C,0x0
0x1001E,0x0
0x10020,0x0
0x10022,0x0
0x10024,0x0
0x10026,0x0
0x10028,0x0
0x1002A,0x0
0x1002C,0x0
0x1002E,0x0
0x10030,0x0
0x10032,0x0
0x10034,0x0
0x10036,0x0
0x10038,0x0
0x1003A,0x0
0x1003C,0x0
0x1003E,0x0
0x10040,0x0
0x10042,0x0
0x10044,0x0
0x10046,0x0
0x10048,0x0
0x1004A,0x0
0x1004C,0x0
0x1004E,0x0
0x10050,0x0
0x10052,0x0
0x10054,0x0
0x10056,0x0
0x10100,0x0
0x10102,0x0
0x10104,0x0
0x10106,0x0
0x10108,0x0
0x1010A,0x0
0x1010C,0x0
0x1010E,0x204
0x10110,0xf8
0x10112,0xf8
0x10114,0x0
0x10116,0x2000
0x10118,0x0
0x1011A,0x0
0x1011C,0x0
0x1011E,0x0
0x10120,0x0
0x10122,0x0
0x10124,0x0
0x10126,0x0
0x10128,0x0
0x1012A,0x0
0x1012C,0x0
0x1012E,0x0
0x10130,0x0
0x10132,0x0
0x10134,0x0
0x10136,0x0
0x10138,0x0
0x1013A,0x0
0x1013C,0x0
0x1013E,0x0
0x10140,0x0
0x10142,0x0
0x10144,0x0
0x10146,0x0
0x10148,0x0
0x1014A,0x0
0x1014C,0x0
0x1014E,0x0
0x10150,0x0
0x10152,0x0
0x10154,0x0
0x10156,0x0
0x10200,0x0
0x10202,0x0
0x10204,0x0
0x10206,0x0
0x10208,0x0
0x1020A,0x0
0x1020C,0x0
0x1020E,0x4
0x10210,0xf8
0x10212,0xf8
0x10214,0x0
0x10216,0x0
0x10218,0x0
0x1021A,0x0
0x1021C,0x0
0x1021E,0x0
0x10220,0x0
0x10222,0x0
0x10224,0x0
0x10226,0x0
0x10228,0x0
0x1022A,0x0
0x1022C,0x0
0x1022E,0x0
0x10230,0x0
0x10232,0x0
0x10234,0x0
0x10236,0x0
0x10238,0x0
0x1023A,0x0
0x1023C,0x0
0x1023E,0x0
0x10240,0x0
0x10242,0x0
0x10244,0x0
0x10246,0x0
0x10248,0x0
0x1024A,0x0
0x1024C,0x0
0x1024E,0x0
0x10250,0x0
0x10252,0x0
0x10254,0x0
0x10256,0x0
0x10300,0x0
0x10302,0x0
0x10304,0x0
0x10306,0x0
0x10308,0x90
0x1030A,0x0
0x1030C,0x0
0x1030E,0x104
0x10310,0xf8
0x10312,0xf8
0x10314,0x0
0x10316,0x0
0x10318,0x0
0x1031A,0x0
0x1031C,0x0
0x1031E,0x0
0x10320,0x0
0x10322,0x0
0x10324,0x0
0x10326,0x0
0x10328,0x0
0x1032A,0x0
0x1032C,0x0
0x1032E,0x0
0x10330,0x0
0x10332,0x0
0x10334,0x0
0x10336,0x0
0x10338,0x0
0x1033A,0x0
0x1033C,0x0
0x1033E,0x0
0x10340,0x0
0x10342,0x0
0x10344,0x0
0x10346,0x0
0x10348,0x0
0x1034A,0x0
0x1034C,0x0
0x1034E,0x0
0x10350,0x0
0x10352,0x0
0x10354,0x0
0x10356,0x0
0x10400,0x0
0x10402,0x0
0x10404,0x0
0x10406,0x0
0x10408,0x0
0x1040A,0x0
0x1040C,0x0
0x1040E,0x0
0x10410,0x0
0x10412,0x0
0x10414,0x0
0x10416,0x0
0x10418,0x0
0x1041A,0x0
0x1041C,0x0
0x1041E,0x0
0x10420,0x0
0x10422,0x0
0x10424,0x0
0x10426,0x0
0x10428,0x0
0x1042A,0x0
0x1042C,0x0
0x1042E,0x0
0x10430,0x0
0x10432,0x0
0x10434,0x0
0x10436,0x0
0x10438,0x0
0x1043A,0x0
0x1043C,0x0
0x1043E,0x0
0x10440,0x0
0x10442,0x0
0x10444,0x0
0x10446,0x0
0x10448,0x0
0x1044A,0x0
0x1044C,0x0
0x1044E,0x0
0x10450,0x0
0x10452,0x0
0x10454,0x0
0x10456,0x0
0x10500,0x0
0x10502,0x0
0x10504,0x0
0x10506,0x0
0x10508,0x0
0x1050A,0x0
0x1050C,0x0
0x1050E,0x800
0x10510,0x0
0x10512,0x0
0x10514,0x0
0x10516,0x8000
0x10518,0x0
0x1051A,0x0
0x1051C,0x0
0x1051E,0x0
0x10520,0x0
0x10522,0x0
0x10524,0x0
0x10526,0x0
0x10528,0x0
0x1052A,0x0
0x1052C,0x0
0x1052E,0x0
0x10530,0x0
0x10532,0x0
0x10534,0x0
0x10536,0x0
0x10538,0x0
0x1053A,0x0
0x1053C,0x0
0x1053E,0x0
0x10540,0x0
0x10542,0x0
0x10544,0x0
0x10546,0x0
0x10548,0x0
0x1054A,0x0
0x1054C,0x0
0x1054E,0x0
0x10550,0x0
0x10552,0x0
0x10554,0x0
0x10556,0x0
0x10600,0x0
0x10602,0x0
0x10604,0xf8
0x10606,0x4
0x10608,0xf8
0x1060A,0x0
0x1060C,0x0
0x1060E,0x0
0x10610,0x0
0x10612,0x0
0x10614,0x0
0x10616,0x0
0x10618,0x0
0x1061A,0x0
0x1061C,0x0
0x1061E,0x0
0x10620,0x0
0x10622,0x0
0x10624,0x0
0x10626,0x0
0x10628,0x0
0x1062A,0x0
0x1062C,0x0
0x1062E,0x0
0x10630,0x0
0x10632,0x0
0x10634,0x0
0x10636,0x0
0x10638,0x0
0x1063A,0x0
0x1063C,0x0
0x1063E,0x0
0x10640,0x0
0x10642,0x0
0x10644,0x0
0x10646,0x0
0x10648,0x0
0x1064A,0x0
0x1064C,0x0
0x1064E,0x0
0x10650,0x0
0x10652,0x0
0x10654,0x0
0x10656,0x0
0x10700,0x0
0x10702,0x0
0x10704,0xf8
0x10706,0x4
0x10708,0xf8
0x1070A,0x0
0x1070C,0x0
0x1070E,0x0
0x10710,0xa0
0x10712,0x0
0x10714,0x0
0x10716,0x40010
0x10718,0x0
0x1071A,0x0
0x1071C,0x0
0x1071E,0x0
0x10720,0x0
0x10722,0x0
0x10724,0x0
0x10726,0x0
0x10728,0x0
0x1072A,0x0
0x1072C,0x0
0x1072E,0x0
0x10730,0x0
0x10732,0x0
0x10734,0x0
0x10736,0x0
0x10738,0x0
0x1073A,0x0
0x1073C,0x0
0x1073E,0x0
0x10740,0x0
0x10742,0x0
0x10744,0x0
0x10746,0x0
0x10748,0x0
0x1074A,0x0
0x1074C,0x0
0x1074E,0x0
0x10750,0x0
0x10752,0x0
0x10754,0x0
0x10756,0x0
0x10800,0x0
0x10802,0x0
0x10804,0xf8
0x10806,0x4
0x10808,0xf8
0x1080A,0x0
0x1080C,0x0
0x1080E,0x0
0x10810,0x0
0x10812,0x0
0x10814,0x0
0x10816,0x0
0x10818,0x0
0x1081A,0x0
0x1081C,0x0
0x1081E,0x0
0x10820,0x0
0x10822,0x0
0x10824,0x0
0x10826,0x0
0x10828,0x0
0x1082A,0x0
0x1082C,0x0
0x1082E,0x0
0x10830,0x0
0x10832,0x0
0x10834,0x0
0x10836,0x0
0x10838,0x0
0x1083A,0x0
0x1083C,0x0
0x1083E,0x0
0x10840,0x0
0x10842,0x0
0x10844,0x0
0x10846,0x0
0x10848,0x0
0x1084A,0x0
0x1084C,0x0
0x1084E,0x0
0x10850,0x0
0x10852,0x0
0x10854,0x0
0x10856,0x0
0x10900,0x0
0x10902,0x0
0x10904,0x0
0x10906,0x0
0x10908,0x0
0x1090A,0x0
0x1090C,0x0
0x1090E,0x800
0x10910,0x0
0x10912,0x0
0x10914,0x0
0x10916,0x8000
0x10918,0x0
0x1091A,0x0
0x1091C,0x0
0x1091E,0x0
0x10920,0x0
0x10922,0x0
0x10924,0x0
0x10926,0x0
0x10928,0x0
0x1092A,0x0
0x1092C,0x0
0x1092E,0x0
0x10930,0x0
0x10932,0x0
0x10934,0x0
0x10936,0x0
0x10938,0x0
0x1093A,0x0
0x1093C,0x0
0x1093E,0x0
0x10940,0x0
0x10942,0x0
0x10944,0x0
0x10946,0x0
0x10948,0x0
0x1094A,0x0
0x1094C,0x0
0x1094E,0x0
0x10950,0x0
0x10952,0x0
0x10954,0x0
0x10956,0x0
0x10A00,0x0
0x10A02,0x0
0x10A04,0x0
0x10A06,0x0
0x10A08,0x0
0x10A0A,0x0
0x10A0C,0x0
0x10A0E,0x0
0x10A10,0x0
0x10A12,0x0
0x10A14,0x0
0x10A16,0x0
0x10A18,0x0
0x10A1A,0x0
0x10A1C,0x0
0x10A1E,0x0
0x10A20,0x0
0x10A22,0x0
0x10A24,0x0
0x10A26,0x0
0x10A28,0x0
0x10A2A,0x0
0x10A2C,0x0
0x10A2E,0x0
0x10A30,0x0
0x10A32,0x0
0x10A34,0x0
0x10A36,0x0
0x10A38,0x0
0x10A3A,0x0
0x10A3C,0x0
0x10A3E,0x0
0x10A40,0x0
0x10A42,0x0
0x10A44,0x0
0x10A46,0x0
0x10A48,0x0
0x10A4A,0x0
0x10A4C,0x0
0x10A4E,0x0
0x10A50,0x0
0x10A52,0x0
0x10A54,0x0
0x10A56,0x0
0x10B00,0x0
0x10B02,0x0
0x10B04,0xf8
0x10B06,0x4
0x10B08,0xf8
0x10B0A,0x0
0x10B0C,0x0
0x10B0E,0x0
0x10B10,0x0
0x10B12,0x0
0x10B14,0x0
0x10B16,0x80000
0x10B18,0x0
0x10B1A,0x0
0x10B1C,0x0
0x10B1E,0x0
0x10B20,0x0
0x10B22,0x0
0x10B24,0x0
0x10B26,0x0
0x10B28,0x0
0x10B2A,0x0
0x10B2C,0x0
0x10B2E,0x0
0x10B30,0x0
0x10B32,0x0
0x10B34,0x0
0x10B36,0x0
0x10B38,0x0
0x10B3A,0x0
0x10B3C,0x0
0x10B3E,0x0
0x10B40,0x0
0x10B42,0x0
0x10B44,0x0
0x10B46,0x0
0x10B48,0x0
0x10B4A,0x0
0x10B4C,0x0
0x10B4E,0x0
0x10B50,0x0
0x10B52,0x0
0x10B54,0x0
0x10B56,0x0
0x10C00,0x0
0x10C02,0x0
0x10C04,0xf8
0x10C06,0x4
0x10C08,0xf8
0x10C0A,0x0
0x10C0C,0x0
0x10C0E,0x5000
0x10C10,0x90
0x10C12,0x0
0x10C14,0x0
0x10C16,0x2040
0x10C18,0x0
0x10C1A,0x0
0x10C1C,0x0
0x10C1E,0x0
0x10C20,0x0
0x10C22,0x0
0x10C24,0x0
0x10C26,0x0
0x10C28,0x0
0x10C2A,0x0
0x10C2C,0x0
0x10C2E,0x0
0x10C30,0x0
0x10C32,0x0
0x10C34,0x0
0x10C36,0x0
0x10C38,0x0
0x10C3A,0x0
0x10C3C,0x0
0x10C3E,0x0
0x10C40,0x0
0x10C42,0x0
0x10C44,0x0
0x10C46,0x0
0x10C48,0x0
0x10C4A,0x0
0x10C4C,0x0
0x10C4E,0x0
0x10C50,0x0
0x10C52,0x0
0x10C54,0x0
0x10C56,0x0
0x10D00,0x0
0x10D02,0x0
0x10D04,0xf8
0x10D06,0x4
0x10D08,0xf8
0x10D0A,0x0
0x10D0C,0x0
0x10D0E,0x2800
0x10D10,0x0
0x10D12,0x0
0x10D14,0x0
0x10D16,0x8000
0x10D18,0x0
0x10D1A,0x0
0x10D1C,0x0
0x10D1E,0x0
0x10D20,0x0
0x10D22,0x0
0x10D24,0x0
0x10D26,0x0
0x10D28,0x0
0x10D2A,0x0
0x10D2C,0x0
0x10D2E,0x0
0x10D30,0x0
0x10D32,0x0
0x10D34,0x0
0x10D36,0x0
0x10D38,0x0
0x10D3A,0x0
0x10D3C,0x0
0x10D3E,0x0
0x10D40,0x0
0x10D42,0x0
0x10D44,0x0
0x10D46,0x0
0x10D48,0x0
0x10D4A,0x0
0x10D4C,0x0
0x10D4E,0x0
0x10D50,0x0
0x10D52,0x0
0x10D54,0x0
0x10D56,0x0
0x10E00,0x0
0x10E02,0x0
0x10E04,0x0
0x10E06,0x0
0x10E08,0x0
0x10E0A,0x0
0x10E0C,0x0
0x10E0E,0x0
0x10E10,0x0
0x10E12,0x0
0x10E14,0x0
0x10E16,0x0
0x10E18,0x0
0x10E1A,0x0
0x10E1C,0x0
0x10E1E,0x0
0x10E20,0x0
0x10E22,0x0
0x10E24,0x0
0x10E26,0x0
0x10E28,0x0
0x10E2A,0x0
0x10E2C,0x0
0x10E2E,0x0
0x10E30,0x0
0x10E32,0x0
0x10E34,0x0
0x10E36,0x0
0x10E38,0x0
0x10E3A,0x0
0x10E3C,0x0
0x10E3E,0x0
0x10E40,0x0
0x10E42,0x0
0x10E44,0x0
0x10E46,0x0
0x10E48,0x0
0x10E4A,0x0
0x10E4C,0x0
0x10E4E,0x0
0x10E50,0x0
0x10E52,0x0
0x10E54,0x0
0x10E56,0x0
0x10F00,0x0
0x10F02,0x0
0x10F04,0x0
0x10F06,0x0
0x10F08,0x0
0x10F0A,0x0
0x10F0C,0x0
0x10F0E,0x0
0x10F10,0x0
0x10F12,0x0
0x10F14,0x0
0x10F16,0x80000
0x10F18,0x0
0x10F1A,0x0
0x10F1C,0x0
0x10F1E,0x0
0x10F20,0x0
0x10F22,0x0
0x10F24,0x0
0x10F26,0x0
0x10F28,0x0
0x10F2A,0x0
0x10F2C,0x0
0x10F2E,0x0
0x10F30,0x0
0x10F32,0x0
0x10F34,0x0
0x10F36,0x0
0x10F38,0x0
0x10F3A,0x0
0x10F3C,0x0
0x10F3E,0x0
0x10F40,0x0
0x10F42,0x0
0x10F44,0x0
0x10F46,0x0
0x10F48,0x0
0x10F4A,0x0
0x10F4C,0x0
0x10F4E,0x0
0x10F50,0x0
0x10F52,0x0
0x10F54,0x0
0x10F56,0x0
0x11000,0x0
0x11002,0x0
0x11004,0x0
0x11006,0x0
0x11008,0x0
0x1100A,0x0
0x1100C,0x0
0x1100E,0x0
0x11010,0x0
0x11012,0x0
0x11014,0x0
0x11016,0x0
0x11018,0x0
0x1101A,0x0
0x1101C,0x0
0x1101E,0x0
0x11020,0x0
0x11022,0x0
0x11024,0x0
0x11026,0x0
0x11028,0x0
0x1102A,0x0
0x1102C,0x0
0x1102E,0x0
0x11030,0x0
0x11032,0x0
0x11034,0x0
0x11036,0x0
0x11038,0x0
0x1103A,0x0
0x1103C,0x0
0x1103E,0x0
0x11040,0x0
0x11042,0x0
0x11044,0x0
0x11046,0x0
0x11048,0x0
0x1104A,0x0
0x1104C,0x0
0x1104E,0x0
0x11050,0x0
0x11052,0x0
0x11054,0x0
0x11056,0x0
0x11100,0x0
0x11102,0x0
0x11104,0x0
0x11106,0x0
0x11108,0x0
0x1110A,0x0
0x1110C,0x0
0x1110E,0x8800
0x11110,0x0
0x11112,0x0
0x11114,0x0
0x11116,0x8000
0x11118,0x0
0x1111A,0x0
0x1111C,0x0
0x1111E,0x0
0x11120,0x0
0x11122,0x0
0x11124,0x0
0x11126,0x0
0x11128,0x0
0x1112A,0x0
0x1112C,0x0
0x1112E,0x0
0x11130,0x0
0x11132,0x0
0x11134,0x0
0x11136,0x0
0x11138,0x0
0x1113A,0x0
0x1113C,0x0
0x1113E,0x0
0x11140,0x0
0x11142,0x0
0x11144,0x0
0x11146,0x0
0x11148,0x0
0x1114A,0x0
0x1114C,0x0
0x1114E,0x0
0x11150,0x0
0x11152,0x0
0x11154,0x0
0x11156,0x0
0x11200,0x0
0x11202,0x0
0x11204,0x0
0x11206,0x0
0x11208,0x0
0x1120A,0x0
0x1120C,0x0
0x1120E,0x0
0x11210,0x0
0x11212,0x0
0x11214,0x0
0x11216,0x0
0x11218,0x0
0x1121A,0x0
0x1121C,0x0
0x1121E,0x0
0x11220,0x0
0x11222,0x0
0x11224,0x0
0x11226,0x0
0x11228,0x0
0x1122A,0x0
0x1122C,0x0
0x1122E,0x0
0x11230,0x0
0x11232,0x0
0x11234,0x0
0x11236,0x0
0x11238,0x0
0x1123A,0x0
0x1123C,0x0
0x1123E,0x0
0x11240,0x0
0x11242,0x0
0x11244,0x0
0x11246,0x0
0x11248,0x0
0x1124A,0x0
0x1124C,0x0
0x1124E,0x0
0x11250,0x0
0x11252,0x0
0x11254,0x0
0x11256,0x0
0x11300,0x0
0x11302,0x0
0x11304,0x0
0x11306,0x0
0x11308,0x0
0x1130A,0x0
0x1130C,0x0
0x1130E,0x0
0x11310,0x0
0x11312,0x0
0x11314,0x0
0x11316,0x80000
0x11318,0x0
0x1131A,0x0
0x1131C,0x0
0x1131E,0x0
0x11320,0x0
0x11322,0x0
0x11324,0x0
0x11326,0x0
0x11328,0x0
0x1132A,0x0
0x1132C,0x0
0x1132E,0x0
0x11330,0x0
0x11332,0x0
0x11334,0x0
0x11336,0x0
0x11338,0x0
0x1133A,0x0
0x1133C,0x0
0x1133E,0x0
0x11340,0x0
0x11342,0x0
0x11344,0x0
0x11346,0x0
0x11348,0x0
0x1134A,0x0
0x1134C,0x0
0x1134E,0x0
0x11350,0x0
0x11352,0x0
0x11354,0x0
0x11356,0x0
0x11400,0xa0
0x11402,0x0
0x11404,0x0
0x11406,0x4010
0x11408,0x0
0x1140A,0x0
0x1140C,0x0
0x1140E,0x8000
0x11410,0x0
0x11412,0x0
0x11414,0x0
0x11416,0x2000
0x11418,0x0
0x1141A,0x0
0x1141C,0x0
0x1141E,0x0
0x11420,0x0
0x11422,0x0
0x11424,0x0
0x11426,0x0
0x11428,0x0
0x1142A,0x0
0x1142C,0x0
0x1142E,0x0
0x11430,0x0
0x11432,0x0
0x11434,0x0
0x11436,0x0
0x11438,0x0
0x1143A,0x0
0x1143C,0x0
0x1143E,0x0
0x11440,0x0
0x11442,0x0
0x11444,0x0
0x11446,0x0
0x11448,0x0
0x1144A,0x0
0x1144C,0x0
0x1144E,0x0
0x11450,0x0
0x11452,0x0
0x11454,0x0
0x11456,0x0
0x11500,0x0
0x11502,0x0
0x11504,0x0
0x11506,0x0
0x11508,0x0
0x1150A,0x0
0x1150C,0x0
0x1150E,0x8800
0x11510,0x0
0x11512,0x0
0x11514,0x0
0x11516,0x5000
0x11518,0x0
0x1151A,0x0
0x1151C,0x0
0x1151E,0x0
0x11520,0x0
0x11522,0x0
0x11524,0x0
0x11526,0x0
0x11528,0x0
0x1152A,0x0
0x1152C,0x0
0x1152E,0x0
0x11530,0x0
0x11532,0x0
0x11534,0x0
0x11536,0x0
0x11538,0x0
0x1153A,0x0
0x1153C,0x0
0x1153E,0x0
0x11540,0x0
0x11542,0x0
0x11544,0x0
0x11546,0x0
0x11548,0x0
0x1154A,0x0
0x1154C,0x0
0x1154E,0x0
0x11550,0x0
0x11552,0x0
0x11554,0x0
0x11556,0x0
0x11600,0x0
0x11602,0x0
0x11604,0x0
0x11606,0x0
0x11608,0x0
0x1160A,0x0
0x1160C,0x0
0x1160E,0x0
0x11610,0x0
0x11612,0x0
0x11614,0x0
0x11616,0x1000
0x11618,0x0
0x1161A,0x0
0x1161C,0x0
0x1161E,0x0
0x11620,0x0
0x11622,0x0
0x11624,0x0
0x11626,0x0
0x11628,0x0
0x1162A,0x0
0x1162C,0x0
0x1162E,0x0
0x11630,0x0
0x11632,0x0
0x11634,0x0
0x11636,0x0
0x11638,0x0
0x1163A,0x0
0x1163C,0x0
0x1163E,0x0
0x11640,0x0
0x11642,0x0
0x11644,0x0
0x11646,0x0
0x11648,0x0
0x1164A,0x0
0x1164C,0x0
0x1164E,0x0
0x11650,0x0
0x11652,0x0
0x11654,0x0
0x11656,0x0
0x11700,0x0
0x11702,0x0
0x11704,0x0
0x11706,0x0
0x11708,0x0
0x1170A,0x0
0x1170C,0x0
0x1170E,0x0
0x11710,0x0
0x11712,0x0
0x11714,0x0
0x11716,0x81000
0x11718,0x0
0x1171A,0x0
0x1171C,0x0
0x1171E,0x0
0x11720,0x0
0x11722,0x0
0x11724,0x0
0x11726,0x0
0x11728,0x0
0x1172A,0x0
0x1172C,0x0
0x1172E,0x0
0x11730,0x0
0x11732,0x0
0x11734,0x0
0x11736,0x0
0x11738,0x0
0x1173A,0x0
0x1173C,0x0
0x1173E,0x0
0x11740,0x0
0x11742,0x0
0x11744,0x0
0x11746,0x0
0x11748,0x0
0x1174A,0x0
0x1174C,0x0
0x1174E,0x0
0x11750,0x0
0x11752,0x0
0x11754,0x0
0x11756,0x0
0x11800,0x0
0x11802,0x0
0x11804,0x0
0x11806,0x0
0x11808,0x0
0x1180A,0x0
0x1180C,0x0
0x1180E,0x0
0x11810,0x0
0x11812,0x0
0x11814,0x0
0x11816,0x0
0x11818,0x0
0x1181A,0x0
0x1181C,0x0
0x1181E,0x0
0x11820,0x0
0x11822,0x0
0x11824,0x0
0x11826,0x0
0x11828,0x0
0x1182A,0x0
0x1182C,0x0
0x1182E,0x0
0x11830,0x0
0x11832,0x0
0x11834,0x0
0x11836,0x0
0x11838,0xf8
0x1183A,0xf8
0x1183C,0xf8
0x1183E,0x4
0x11840,0x0
0x11842,0x0
0x11844,0x0
0x11846,0x0
0x11848,0x0
0x1184A,0x0
0x1184C,0x0
0x1184E,0x0
0x11850,0x0
0x11852,0x0
0x11854,0x0
0x11856,0x0
0x11900,0x0
0x11902,0x0
0x11904,0x0
0x11906,0x0
0x11908,0x0
0x1190A,0x0
0x1190C,0x2
0x1190E,0x8800
0x11910,0x0
0x11912,0x0
0x11914,0x0
0x11916,0x0
0x11918,0x0
0x1191A,0x0
0x1191C,0x0
0x1191E,0x0
0x11920,0x0
0x11922,0x0
0x11924,0x0
0x11926,0x0
0x11928,0x0
0x1192A,0x0
0x1192C,0x0
0x1192E,0x0
0x11930,0x0
0x11932,0x0
0x11934,0x0
0x11936,0x0
0x11938,0xf8
0x1193A,0xf8
0x1193C,0xf8
0x1193E,0x4
0x11940,0x0
0x11942,0xe8
0x11944,0xe8
0x11946,0x0
0x11948,0x0
0x1194A,0x0
0x1194C,0x0
0x1194E,0x0
0x11950,0x0
0x11952,0x0
0x11954,0x0
0x11956,0x0
0x11A00,0x0
0x11A02,0x0
0x11A04,0x0
0x11A06,0x0
0x11A08,0x0
0x11A0A,0x0
0x11A0C,0x0
0x11A0E,0x0
0x11A10,0x0
0x11A12,0x0
0x11A14,0x0
0x11A16,0x0
0x11A18,0x0
0x11A1A,0x0
0x11A1C,0x0
0x11A1E,0x0
0x11A20,0x0
0x11A22,0x0
0x11A24,0x0
0x11A26,0x0
0x11A28,0x0
0x11A2A,0x0
0x11A2C,0x0
0x11A2E,0x0
0x11A30,0x0
0x11A32,0x0
0x11A34,0x0
0x11A36,0x0
0x11A38,0xf8
0x11A3A,0xf8
0x11A3C,0xf8
0x11A3E,0x4
0x11A40,0x0
0x11A42,0xe8
0x11A44,0xe8
0x11A46,0x0
0x11A48,0x0
0x11A4A,0x0
0x11A4C,0x0
0x11A4E,0x0
0x11A50,0x0
0x11A52,0x0
0x11A54,0x0
0x11A56,0x0
0x11B00,0x0
0x11B02,0x0
0x11B04,0x0
0x11B06,0x0
0x11B08,0x0
0x11B0A,0x0
0x11B0C,0x0
0x11B0E,0x0
0x11B10,0x0
0x11B12,0x0
0x11B14,0x0
0x11B16,0x80000
0x11B18,0x0
0x11B1A,0x0
0x11B1C,0x0
0x11B1E,0x0
0x11B20,0x0
0x11B22,0x0
0x11B24,0x0
0x11B26,0x0
0x11B28,0x0
0x11B2A,0x0
0x11B2C,0x0
0x11B2E,0x0
0x11B30,0x0
0x11B32,0x0
0x11B34,0x0
0x11B36,0x0
0x11B38,0xf8
0x11B3A,0xf8
0x11B3C,0xf8
0x11B3E,0x4
0x11B40,0x0
0x11B42,0x0
0x11B44,0x0
0x11B46,0x0
0x11B48,0x0
0x11B4A,0x0
0x11B4C,0x0
0x11B4E,0x0
0x11B50,0x0
0x11B52,0x0
0x11B54,0x0
0x11B56,0x0
0x11C00,0xa0
0x11C02,0x0
0x11C04,0x0
0x11C06,0x410
0x11C08,0x0
0x11C0A,0x0
0x11C0C,0x0
0x11C0E,0x200
0x11C10,0x0
0x11C12,0x0
0x11C14,0x0
0x11C16,0x0
0x11C18,0x0
0x11C1A,0x0
0x11C1C,0x0
0x11C1E,0x0
0x11C20,0xf8
0x11C22,0xf8
0x11C24,0xf8
0x11C26,0x4
0x11C28,0x0
0x11C2A,0x0
0x11C2C,0x0
0x11C2E,0x0
0x11C30,0x0
0x11C32,0x0
0x11C34,0x0
0x11C36,0x0
0x11C38,0x0
0x11C3A,0x0
0x11C3C,0x0
0x11C3E,0x0
0x11C40,0x0
0x11C42,0x0
0x11C44,0x0
0x11C46,0x0
0x11C48,0x0
0x11C4A,0x0
0x11C4C,0x0
0x11C4E,0x0
0x11C50,0x0
0x11C52,0x0
0x11C54,0x0
0x11C56,0x0
0x11D00,0x0
0x11D02,0x0
0x11D04,0x0
0x11D06,0x0
0x11D08,0x0
0x11D0A,0x0
0x11D0C,0x0
0x11D0E,0x8500
0x11D10,0x0
0x11D12,0x0
0x11D14,0x0
0x11D16,0x0
0x11D18,0x0
0x11D1A,0x0
0x11D1C,0x0
0x11D1E,0x0
0x11D20,0xf8
0x11D22,0xf8
0x11D24,0xf8
0x11D26,0x4
0x11D28,0x0
0x11D2A,0x0
0x11D2C,0x0
0x11D2E,0x0
0x11D30,0x0
0x11D32,0x0
0x11D34,0x0
0x11D36,0x0
0x11D38,0x0
0x11D3A,0x0
0x11D3C,0x0
0x11D3E,0x0
0x11D40,0x0
0x11D42,0x0
0x11D44,0x0
0x11D46,0x0
0x11D48,0x0
0x11D4A,0x0
0x11D4C,0x0
0x11D4E,0x0
0x11D50,0x0
0x11D52,0x0
0x11D54,0x0
0x11D56,0x0
0x11E00,0x0
0x11E02,0x0
0x11E04,0x0
0x11E06,0x0
0x11E08,0x0
0x11E0A,0x0
0x11E0C,0x0
0x11E0E,0x100
0x11E10,0x0
0x11E12,0x0
0x11E14,0x0
0x11E16,0x0
0x11E18,0x0
0x11E1A,0x0
0x11E1C,0x0
0x11E1E,0x0
0x11E20,0xf8
0x11E22,0xf8
0x11E24,0xf8
0x11E26,0x4
0x11E28,0x0
0x11E2A,0x0
0x11E2C,0x0
0x11E2E,0x0
0x11E30,0x0
0x11E32,0x0
0x11E34,0x0
0x11E36,0x0
0x11E38,0x0
0x11E3A,0x0
0x11E3C,0x0
0x11E3E,0x0
0x11E40,0x0
0x11E42,0x0
0x11E44,0x0
0x11E46,0x0
0x11E48,0x0
0x11E4A,0x0
0x11E4C,0x0
0x11E4E,0x0
0x11E50,0x0
0x11E52,0x0
0x11E54,0x0
0x11E56,0x0
0x11F00,0x0
0x11F02,0x0
0x11F04,0x0
0x11F06,0x0
0x11F08,0x0
0x11F0A,0x0
0x11F0C,0x0
0x11F0E,0x100
0x11F10,0x0
0x11F12,0x0
0x11F14,0x0
0x11F16,0x80000
0x11F18,0x0
0x11F1A,0x0
0x11F1C,0x0
0x11F1E,0x0
0x11F20,0xf8
0x11F22,0xf8
0x11F24,0xf8
0x11F26,0x4
0x11F28,0x0
0x11F2A,0x0
0x11F2C,0x0
0x11F2E,0x0
0x11F30,0x0
0x11F32,0x0
0x11F34,0x0
0x11F36,0x0
0x11F38,0x0
0x11F3A,0x0
0x11F3C,0x0
0x11F3E,0x0
0x11F40,0x0
0x11F42,0x0
0x11F44,0x0
0x11F46,0x0
0x11F48,0x0
0x11F4A,0x0
0x11F4C,0x0
0x11F4E,0x0
0x11F50,0x0
0x11F52,0x0
0x11F54,0x0
0x11F56,0x0
0x12000,0x0
0x12002,0x0
0x12004,0x0
0x12006,0x0
0x12008,0x0
0x1200A,0x0
0x1200C,0x0
0x1200E,0x0
0x12010,0x0
0x12012,0x0
0x12014,0x0
0x12016,0x0
0x12018,0x0
0x1201A,0x0
0x1201C,0x0
0x1201E,0x0
0x12020,0x0
0x12022,0x0
0x12024,0x0
0x12026,0x0
0x12028,0x0
0x1202A,0x0
0x1202C,0x0
0x1202E,0x0
0x12030,0xf8
0x12032,0xf8
0x12034,0xf8
0x12036,0x4
0x12038,0x0
0x1203A,0x0
0x1203C,0x0
0x1203E,0x0
0x12040,0x0
0x12042,0x0
0x12044,0x0
0x12046,0x0
0x12048,0x0
0x1204A,0x0
0x1204C,0x0
0x1204E,0x0
0x12050,0x0
0x12052,0x0
0x12054,0x0
0x12056,0x0
0x12100,0x0
0x12102,0x0
0x12104,0x0
0x12106,0x0
0x12108,0x0
0x1210A,0x0
0x1210C,0x0
0x1210E,0x8000
0x12110,0x0
0x12112,0x0
0x12114,0x0
0x12116,0x0
0x12118,0x0
0x1211A,0x0
0x1211C,0x0
0x1211E,0x0
0x12120,0x0
0x12122,0x0
0x12124,0x0
0x12126,0x0
0x12128,0x0
0x1212A,0xe8
0x1212C,0xe8
0x1212E,0x0
0x12130,0xf8
0x12132,0xf8
0x12134,0xf8
0x12136,0x4
0x12138,0x0
0x1213A,0x0
0x1213C,0x0
0x1213E,0x0
0x12140,0x0
0x12142,0x0
0x12144,0x0
0x12146,0x0
0x12148,0x0
0x1214A,0x0
0x1214C,0x0
0x1214E,0x0
0x12150,0x0
0x12152,0x0
0x12154,0x0
0x12156,0x0
0x12200,0x0
0x12202,0x0
0x12204,0x0
0x12206,0x0
0x12208,0x0
0x1220A,0x0
0x1220C,0x0
0x1220E,0x0
0x12210,0x0
0x12212,0x0
0x12214,0x0
0x12216,0x0
0x12218,0x0
0x1221A,0x0
0x1221C,0x0
0x1221E,0x0
0x12220,0x0
0x12222,0x0
0x12224,0x0
0x12226,0x0
0x12228,0x0
0x1222A,0xe8
0x1222C,0xe8
0x1222E,0x0
0x12230,0xf8
0x12232,0xf8
0x12234,0xf8
0x12236,0x4
0x12238,0x0
0x1223A,0x0
0x1223C,0x0
0x1223E,0x0
0x12240,0x0
0x12242,0x0
0x12244,0x0
0x12246,0x0
0x12248,0x0
0x1224A,0x0
0x1224C,0x0
0x1224E,0x0
0x12250,0x0
0x12252,0x0
0x12254,0x0
0x12256,0x0
0x12300,0x0
0x12302,0x0
0x12304,0x0
0x12306,0x0
0x12308,0x0
0x1230A,0x0
0x1230C,0x0
0x1230E,0x0
0x12310,0x0
0x12312,0x0
0x12314,0x0
0x12316,0x80000
0x12318,0x0
0x1231A,0x0
0x1231C,0x0
0x1231E,0x0
0x12320,0x0
0x12322,0x0
0x12324,0x0
0x12326,0x0
0x12328,0x0
0x1232A,0x0
0x1232C,0x0
0x1232E,0x0
0x12330,0xf8
0x12332,0xf8
0x12334,0xf8
0x12336,0x4
0x12338,0x0
0x1233A,0x0
0x1233C,0x0
0x1233E,0x0
0x12340,0x0
0x12342,0x0
0x12344,0x0
0x12346,0x0
0x12348,0x0
0x1234A,0x0
0x1234C,0x0
0x1234E,0x0
0x12350,0x0
0x12352,0x0
0x12354,0x0
0x12356,0x0
0x12400,0x90
0x12402,0x0
0x12404,0x0
0x12406,0x10080
0x12408,0x0
0x1240A,0x0
0x1240C,0x0
0x1240E,0x0
0x12410,0x0
0x12412,0x0
0x12414,0x0
0x12416,0x0
0x12418,0x0
0x1241A,0x0
0x1241C,0x0
0x1241E,0x0
0x12420,0x0
0x12422,0x0
0x12424,0x0
0x12426,0x0
0x12428,0x0
0x1242A,0x0
0x1242C,0x0
0x1242E,0x0
0x12430,0x0
0x12432,0x0
0x12434,0x0
0x12436,0x0
0x12438,0x0
0x1243A,0x0
0x1243C,0x0
0x1243E,0x0
0x12440,0x0
0x12442,0x0
0x12444,0x0
0x12446,0x0
0x12448,0x0
0x1244A,0x0
0x1244C,0x0
0x1244E,0x0
0x12450,0x0
0x12452,0x0
0x12454,0x0
0x12456,0x0
0x12500,0x0
0x12502,0x0
0x12504,0x0
0x12506,0x10000
0x12508,0x0
0x1250A,0x0
0x1250C,0x0
0x1250E,0x8000
0x12510,0x0
0x12512,0x0
0x12514,0x0
0x12516,0x0
0x12518,0x0
0x1251A,0x0
0x1251C,0x0
0x1251E,0x0
0x12520,0x0
0x12522,0x0
0x12524,0x0
0x12526,0x0
0x12528,0x0
0x1252A,0x0
0x1252C,0x0
0x1252E,0x0
0x12530,0x0
0x12532,0x0
0x12534,0x0
0x12536,0x0
0x12538,0x0
0x1253A,0x0
0x1253C,0x0
0x1253E,0x0
0x12540,0x0
0x12542,0x0
0x12544,0x0
0x12546,0x0
0x12548,0x0
0x1254A,0x0
0x1254C,0x0
0x1254E,0x0
0x12550,0x0
0x12552,0x0
0x12554,0x0
0x12556,0x0
0x12600,0x0
0x12602,0x0
0x12604,0x0
0x12606,0x20000
0x12608,0x0
0x1260A,0x0
0x1260C,0x0
0x1260E,0x80000
0x12610,0x0
0x12612,0x0
0x12614,0x0
0x12616,0x50000
0x12618,0x0
0x1261A,0x0
0x1261C,0x0
0x1261E,0x0
0x12620,0x0
0x12622,0x0
0x12624,0x0
0x12626,0x0
0x12628,0x0
0x1262A,0x0
0x1262C,0x0
0x1262E,0x0
0x12630,0x0
0x12632,0x0
0x12634,0x0
0x12636,0x0
0x12638,0x0
0x1263A,0x0
0x1263C,0x0
0x1263E,0x0
0x12640,0x0
0x12642,0x0
0x12644,0x0
0x12646,0x0
0x12648,0x0
0x1264A,0x0
0x1264C,0x0
0x1264E,0x0
0x12650,0x0
0x12652,0x0
0x12654,0x0
0x12656,0x0
0x12700,0x0
0x12702,0x0
0x12704,0x0
0x12706,0x0
0x12708,0x0
0x1270A,0x0
0x1270C,0x0
0x1270E,0x0
0x12710,0x0
0x12712,0x0
0x12714,0x0
0x12716,0x20000
0x12718,0x0
0x1271A,0x0
0x1271C,0x0
0x1271E,0x0
0x12720,0x0
0x12722,0x0
0x12724,0x0
0x12726,0x0
0x12728,0x0
0x1272A,0x0
0x1272C,0x0
0x1272E,0x0
0x12730,0x0
0x12732,0x0
0x12734,0x0
0x12736,0x0
0x12738,0x0
0x1273A,0x0
0x1273C,0x0
0x1273E,0x0
0x12740,0x0
0x12742,0x0
0x12744,0x0
0x12746,0x0
0x12748,0x0
0x1274A,0x0
0x1274C,0x0
0x1274E,0x0
0x12750,0x0
0x12752,0x0
0x12754,0x0
0x12756,0x0
0x12800,0x0
0x12802,0x0
0x12804,0x0
0x12806,0x0
0x12808,0x0
0x1280A,0x0
0x1280C,0x0
0x1280E,0x0
0x12810,0x0
0x12812,0x0
0x12814,0x0
0x12816,0x0
0x12818,0x0
0x1281A,0x0
0x1281C,0x0
0x1281E,0x0
0x12820,0x0
0x12822,0x0
0x12824,0x0
0x12826,0x0
0x12828,0x0
0x1282A,0x0
0x1282C,0x0
0x1282E,0x0
0x12830,0x0
0x12832,0x0
0x12834,0x0
0x12836,0x0
0x12838,0x0
0x1283A,0x0
0x1283C,0x0
0x1283E,0x0
0x12840,0x0
0x12842,0x0
0x12844,0x0
0x12846,0x0
0x12848,0x0
0x1284A,0x0
0x1284C,0x0
0x1284E,0x0
0x12850,0x0
0x12852,0x0
0x12854,0x0
0x12856,0x0
0x12900,0x0
0x12902,0x0
0x12904,0x0
0x12906,0x0
0x12908,0x0
0x1290A,0x0
0x1290C,0x0
0x1290E,0x8000
0x12910,0x0
0x12912,0x0
0x12914,0x0
0x12916,0x0
0x12918,0x0
0x1291A,0x0
0x1291C,0x0
0x1291E,0x0
0x12920,0x0
0x12922,0x0
0x12924,0x0
0x12926,0x0
0x12928,0x0
0x1292A,0x0
0x1292C,0x0
0x1292E,0x0
0x12930,0x0
0x12932,0x0
0x12934,0x0
0x12936,0x0
0x12938,0x0
0x1293A,0x0
0x1293C,0x0
0x1293E,0x0
0x12940,0x0
0x12942,0x0
0x12944,0x0
0x12946,0x0
0x12948,0x0
0x1294A,0x0
0x1294C,0x0
0x1294E,0x0
0x12950,0x0
0x12952,0x0
0x12954,0x0
0x12956,0x0
0x12A00,0x0
0x12A02,0x0
0x12A04,0x0
0x12A06,0x0
0x12A08,0x0
0x12A0A,0x0
0x12A0C,0x0
0x12A0E,0x0
0x12A10,0x0
0x12A12,0x0
0x12A14,0x0
0x12A16,0x0
0x12A18,0x0
0x12A1A,0x0
0x12A1C,0x0
0x12A1E,0x0
0x12A20,0x0
0x12A22,0x0
0x12A24,0x0
0x12A26,0x0
0x12A28,0x0
0x12A2A,0x0
0x12A2C,0x0
0x12A2E,0x0
0x12A30,0x0
0x12A32,0x0
0x12A34,0x0
0x12A36,0x0
0x12A38,0x0
0x12A3A,0x0
0x12A3C,0x0
0x12A3E,0x0
0x12A40,0x0
0x12A42,0x0
0x12A44,0x0
0x12A46,0x0
0x12A48,0x0
0x12A4A,0x0
0x12A4C,0x0
0x12A4E,0x0
0x12A50,0x0
0x12A52,0x0
0x12A54,0x0
0x12A56,0x0
0x12B00,0x0
0x12B02,0x0
0x12B04,0x0
0x12B06,0x0
0x12B08,0x0
0x12B0A,0x0
0x12B0C,0x0
0x12B0E,0x0
0x12B10,0x0
0x12B12,0x0
0x12B14,0x0
0x12B16,0x0
0x12B18,0x0
0x12B1A,0x0
0x12B1C,0x0
0x12B1E,0x0
0x12B20,0x0
0x12B22,0x0
0x12B24,0x0
0x12B26,0x0
0x12B28,0x0
0x12B2A,0x0
0x12B2C,0x0
0x12B2E,0x0
0x12B30,0x0
0x12B32,0x0
0x12B34,0x0
0x12B36,0x0
0x12B38,0x0
0x12B3A,0x0
0x12B3C,0x0
0x12B3E,0x0
0x12B40,0x0
0x12B42,0x0
0x12B44,0x0
0x12B46,0x0
0x12B48,0x0
0x12B4A,0x0
0x12B4C,0x0
0x12B4E,0x0
0x12B50,0x0
0x12B52,0x0
0x12B54,0x0
0x12B56,0x0
0x12C00,0xa0
0x12C02,0x0
0x12C04,0x0
0x12C06,0x4010
0x12C08,0x0
0x12C0A,0x0
0x12C0C,0x0
0x12C0E,0x2000
0x12C10,0x0
0x12C12,0x0
0x12C14,0x0
0x12C16,0x0
0x12C18,0x0
0x12C1A,0x0
0x12C1C,0x0
0x12C1E,0x0
0x12C20,0x0
0x12C22,0x0
0x12C24,0x0
0x12C26,0x0
0x12C28,0x0
0x12C2A,0x0
0x12C2C,0x0
0x12C2E,0x0
0x12C30,0x0
0x12C32,0x0
0x12C34,0x0
0x12C36,0x0
0x12C38,0x0
0x12C3A,0x0
0x12C3C,0x0
0x12C3E,0x0
0x12C40,0x0
0x12C42,0x0
0x12C44,0x0
0x12C46,0x0
0x12C48,0x0
0x12C4A,0x0
0x12C4C,0x0
0x12C4E,0x0
0x12C50,0x0
0x12C52,0x0
0x12C54,0x0
0x12C56,0x0
0x12D00,0x0
0x12D02,0x0
0x12D04,0x0
0x12D06,0x0
0x12D08,0x0
0x12D0A,0x0
0x12D0C,0x0
0x12D0E,0x5000
0x12D10,0x0
0x12D12,0x0
0x12D14,0x0
0x12D16,0x0
0x12D18,0x2
0x12D1A,0x0
0x12D1C,0x0
0x12D1E,0x0
0x12D20,0x0
0x12D22,0x0
0x12D24,0x0
0x12D26,0x0
0x12D28,0x0
0x12D2A,0x0
0x12D2C,0x0
0x12D2E,0x0
0x12D30,0x0
0x12D32,0x48
0x12D34,0x48
0x12D36,0x0
0x12D38,0x0
0x12D3A,0x0
0x12D3C,0x0
0x12D3E,0x0
0x12D40,0x0
0x12D42,0x0
0x12D44,0x0
0x12D46,0x0
0x12D48,0x0
0x12D4A,0x0
0x12D4C,0x0
0x12D4E,0x0
0x12D50,0x0
0x12D52,0x0
0x12D54,0x0
0x12D56,0x0
0x12E00,0x0
0x12E02,0x0
0x12E04,0x0
0x12E06,0x0
0x12E08,0x0
0x12E0A,0x0
0x12E0C,0x0
0x12E0E,0x1000
0x12E10,0x0
0x12E12,0x0
0x12E14,0x0
0x12E16,0x0
0x12E18,0x2
0x12E1A,0x0
0x12E1C,0x0
0x12E1E,0x0
0x12E20,0x0
0x12E22,0x0
0x12E24,0x0
0x12E26,0x0
0x12E28,0x0
0x12E2A,0x0
0x12E2C,0x0
0x12E2E,0x0
0x12E30,0x0
0x12E32,0x48
0x12E34,0x48
0x12E36,0x0
0x12E38,0x0
0x12E3A,0x0
0x12E3C,0x0
0x12E3E,0x0
0x12E40,0x0
0x12E42,0x0
0x12E44,0x0
0x12E46,0x0
0x12E48,0x0
0x12E4A,0x0
0x12E4C,0x0
0x12E4E,0x0
0x12E50,0x0
0x12E52,0x0
0x12E54,0x0
0x12E56,0x0
0x12F00,0x0
0x12F02,0x0
0x12F04,0x0
0x12F06,0x0
0x12F08,0x0
0x12F0A,0x0
0x12F0C,0x0
0x12F0E,0x1000
0x12F10,0x0
0x12F12,0x0
0x12F14,0x0
0x12F16,0x0
0x12F18,0x0
0x12F1A,0x0
0x12F1C,0x0
0x12F1E,0x0
0x12F20,0x0
0x12F22,0x0
0x12F24,0x0
0x12F26,0x0
0x12F28,0x0
0x12F2A,0x0
0x12F2C,0x0
0x12F2E,0x0
0x12F30,0x0
0x12F32,0x0
0x12F34,0x0
0x12F36,0x0
0x12F38,0x0
0x12F3A,0x0
0x12F3C,0x0
0x12F3E,0x0
0x12F40,0x0
0x12F42,0x0
0x12F44,0x0
0x12F46,0x0
0x12F48,0x0
0x12F4A,0x0
0x12F4C,0x0
0x12F4E,0x0
0x12F50,0x0
0x12F52,0x0
0x12F54,0x0
0x12F56,0x0
0x13000,0x0
0x13002,0x0
0x13004,0x0
0x13006,0x0
0x13008,0x0
0x1300A,0x0
0x1300C,0x0
0x1300E,0x0
0x13010,0x0
0x13012,0x0
0x13014,0x0
0x13016,0x0
0x13018,0x0
0x1301A,0x0
0x1301C,0x0
0x1301E,0x0
0x13020,0xf8
0x13022,0xf8
0x13024,0xf8
0x13026,0x4
0x13028,0x0
0x1302A,0x0
0x1302C,0x0
0x1302E,0x0
0x13030,0x0
0x13032,0x0
0x13034,0x0
0x13036,0x0
0x13038,0x0
0x1303A,0x0
0x1303C,0x0
0x1303E,0x0
0x13040,0x0
0x13042,0x0
0x13044,0x0
0x13046,0x0
0x13048,0x0
0x1304A,0x0
0x1304C,0xf8
0x1304E,0x4
0x13050,0xf8
0x13052,0x0
0x13054,0x0
0x13056,0x0
0x13100,0x0
0x13102,0x0
0x13104,0x0
0x13106,0x0
0x13108,0x0
0x1310A,0x0
0x1310C,0x0
0x1310E,0x0
0x13110,0x0
0x13112,0x0
0x13114,0x0
0x13116,0x0
0x13118,0x0
0x1311A,0x0
0x1311C,0x0
0x1311E,0x0
0x13120,0xf8
0x13122,0xf8
0x13124,0xf8
0x13126,0x4
0x13128,0x0
0x1312A,0xe8
0x1312C,0xe8
0x1312E,0x0
0x13130,0x0
0x13132,0x0
0x13134,0x0
0x13136,0x0
0x13138,0x0
0x1313A,0x0
0x1313C,0x0
0x1313E,0x0
0x13140,0x0
0x13142,0x0
0x13144,0x0
0x13146,0x0
0x13148,0x0
0x1314A,0x0
0x1314C,0xf8
0x1314E,0x4
0x13150,0xf8
0x13152,0x0
0x13154,0x0
0x13156,0x0
0x13200,0x0
0x13202,0x0
0x13204,0x0
0x13206,0x0
0x13208,0x0
0x1320A,0x0
0x1320C,0x0
0x1320E,0x0
0x13210,0x0
0x13212,0x0
0x13214,0x0
0x13216,0x0
0x13218,0x0
0x1321A,0x0
0x1321C,0x0
0x1321E,0x0
0x13220,0xf8
0x13222,0xf8
0x13224,0xf8
0x13226,0x4
0x13228,0x0
0x1322A,0xe8
0x1322C,0xe8
0x1322E,0x0
0x13230,0x0
0x13232,0x0
0x13234,0x0
0x13236,0x0
0x13238,0x0
0x1323A,0x0
0x1323C,0x0
0x1323E,0x0
0x13240,0x0
0x13242,0x0
0x13244,0x0
0x13246,0x0
0x13248,0x0
0x1324A,0x0
0x1324C,0xf8
0x1324E,0x4
0x13250,0xf8
0x13252,0x0
0x13254,0x0
0x13256,0x0
0x13300,0x0
0x13302,0x0
0x13304,0x0
0x13306,0x0
0x13308,0x0
0x1330A,0x0
0x1330C,0x0
0x1330E,0x0
0x13310,0x0
0x13312,0x0
0x13314,0x0
0x13316,0x0
0x13318,0x0
0x1331A,0x0
0x1331C,0x0
0x1331E,0x0
0x13320,0xf8
0x13322,0xf8
0x13324,0xf8
0x13326,0x4
0x13328,0x0
0x1332A,0x0
0x1332C,0x0
0x1332E,0x0
0x13330,0x0
0x13332,0x0
0x13334,0x0
0x13336,0x0
0x13338,0x0
0x1333A,0x0
0x1333C,0x0
0x1333E,0x0
0x13340,0x0
0x13342,0x0
0x13344,0x0
0x13346,0x0
0x13348,0x0
0x1334A,0x0
0x1334C,0x0
0x1334E,0x0
0x13350,0x0
0x13352,0x0
0x13354,0x0
0x13356,0x0
0x13400,0x0
0x13402,0x0
0x13404,0x0
0x13406,0x0
0x13408,0x0
0x1340A,0x0
0x1340C,0x0
0x1340E,0x0
0x13410,0x0
0x13412,0x0
0x13414,0x0
0x13416,0x0
0x13418,0x0
0x1341A,0x0
0x1341C,0x0
0x1341E,0x0
0x13420,0x0
0x13422,0x0
0x13424,0x0
0x13426,0x0
0x13428,0x0
0x1342A,0x0
0x1342C,0x0
0x1342E,0x0
0x13430,0xf8
0x13432,0xf8
0x13434,0xf8
0x13436,0x4
0x13438,0x0
0x1343A,0x0
0x1343C,0x0
0x1343E,0x0
0x13440,0x0
0x13442,0x0
0x13444,0x0
0x13446,0x0
0x13448,0x0
0x1344A,0x0
0x1344C,0x0
0x1344E,0x0
0x13450,0x0
0x13452,0x0
0x13454,0x0
0x13456,0x0
0x13500,0x0
0x13502,0x0
0x13504,0x0
0x13506,0x0
0x13508,0x0
0x1350A,0x68
0x1350C,0xe
0x1350E,0x0
0x13510,0x0
0x13512,0x0
0x13514,0x0
0x13516,0x0
0x13518,0x0
0x1351A,0x58
0x1351C,0x58
0x1351E,0x0
0x13520,0x0
0x13522,0x0
0x13524,0x0
0x13526,0x0
0x13528,0x0
0x1352A,0x0
0x1352C,0x0
0x1352E,0x0
0x13530,0xf8
0x13532,0xf8
0x13534,0xf8
0x13536,0x4
0x13538,0x0
0x1353A,0x0
0x1353C,0x0
0x1353E,0x0
0x13540,0x0
0x13542,0x0
0x13544,0x0
0x13546,0x0
0x13548,0x0
0x1354A,0x2
0x1354C,0x0
0x1354E,0x0
0x13550,0x0
0x13552,0x0
0x13554,0x0
0x13556,0x0
0x13600,0x0
0x13602,0x0
0x13604,0x0
0x13606,0x0
0x13608,0x0
0x1360A,0x68
0x1360C,0x600e
0x1360E,0x0
0x13610,0x0
0x13612,0x0
0x13614,0x0
0x13616,0x0
0x13618,0x0
0x1361A,0x58
0x1361C,0x6058
0x1361E,0x0
0x13620,0x0
0x13622,0x0
0x13624,0x0
0x13626,0x0
0x13628,0x0
0x1362A,0x0
0x1362C,0x0
0x1362E,0x0
0x13630,0xf8
0x13632,0xf8
0x13634,0xf8
0x13636,0x4
0x13638,0x0
0x1363A,0x0
0x1363C,0x0
0x1363E,0x0
0x13640,0x0
0x13642,0x0
0x13644,0x0
0x13646,0x0
0x13648,0x0
0x1364A,0x2
0x1364C,0x0
0x1364E,0x0
0x13650,0x0
0x13652,0x0
0x13654,0x0
0x13656,0x0
0x13700,0x0
0x13702,0x0
0x13704,0x0
0x13706,0x0
0x13708,0x0
0x1370A,0x0
0x1370C,0x0
0x1370E,0x0
0x13710,0x0
0x13712,0x0
0x13714,0x0
0x13716,0x0
0x13718,0x0
0x1371A,0x0
0x1371C,0x0
0x1371E,0x0
0x13720,0x0
0x13722,0x0
0x13724,0x0
0x13726,0x0
0x13728,0x0
0x1372A,0x0
0x1372C,0x0
0x1372E,0x0
0x13730,0xf8
0x13732,0xf8
0x13734,0xf8
0x13736,0x4
0x13738,0x0
0x1373A,0x0
0x1373C,0x0
0x1373E,0x0
0x13740,0x0
0x13742,0x0
0x13744,0x0
0x13746,0x0
0x13748,0x0
0x1374A,0x0
0x1374C,0x0
0x1374E,0x0
0x13750,0x0
0x13752,0x0
0x13754,0x0
0x13756,0x0
0x13800,0x0
0x13802,0x0
0x13804,0x0
0x13806,0x0
0x13808,0x0
0x1380A,0x0
0x1380C,0x0
0x1380E,0x0
0x13810,0x0
0x13812,0x0
0x13814,0x0
0x13816,0x0
0x13818,0xf8
0x1381A,0xf8
0x1381C,0xf8
0x1381E,0x4
0x13820,0x0
0x13822,0x0
0x13824,0x0
0x13826,0x0
0x13828,0x0
0x1382A,0x0
0x1382C,0x0
0x1382E,0x0
0x13830,0x0
0x13832,0x0
0x13834,0x0
0x13836,0x0
0x13838,0x0
0x1383A,0x0
0x1383C,0x0
0x1383E,0x0
0x13840,0x0
0x13842,0x0
0x13844,0x0
0x13846,0x0
0x13848,0x0
0x1384A,0x0
0x1384C,0x0
0x1384E,0x0
0x13850,0x0
0x13852,0x0
0x13854,0x0
0x13856,0x0
0x13900,0x0
0x13902,0x0
0x13904,0x0
0x13906,0x0
0x13908,0x0
0x1390A,0x0
0x1390C,0x0
0x1390E,0x0
0x13910,0x0
0x13912,0xe8
0x13914,0xe8
0x13916,0x0
0x13918,0xf8
0x1391A,0xf8
0x1391C,0xf8
0x1391E,0x4
0x13920,0x0
0x13922,0x0
0x13924,0x0
0x13926,0x0
0x13928,0x0
0x1392A,0x0
0x1392C,0x0
0x1392E,0x0
0x13930,0x0
0x13932,0x0
0x13934,0x0
0x13936,0x0
0x13938,0x0
0x1393A,0x0
0x1393C,0x0
0x1393E,0x0
0x13940,0x0
0x13942,0x0
0x13944,0x0
0x13946,0x0
0x13948,0x0
0x1394A,0x0
0x1394C,0x0
0x1394E,0x0
0x13950,0x0
0x13952,0x0
0x13954,0x0
0x13956,0x0
0x13A00,0x0
0x13A02,0x0
0x13A04,0x0
0x13A06,0x0
0x13A08,0x0
0x13A0A,0x0
0x13A0C,0x0
0x13A0E,0x0
0x13A10,0x0
0x13A12,0xe8
0x13A14,0xe8
0x13A16,0x0
0x13A18,0xf8
0x13A1A,0xf8
0x13A1C,0xf8
0x13A1E,0x4
0x13A20,0x0
0x13A22,0x0
0x13A24,0x0
0x13A26,0x0
0x13A28,0x0
0x13A2A,0x0
0x13A2C,0x0
0x13A2E,0x0
0x13A30,0x0
0x13A32,0x0
0x13A34,0x0
0x13A36,0x0
0x13A38,0x0
0x13A3A,0x0
0x13A3C,0x0
0x13A3E,0x0
0x13A40,0x0
0x13A42,0x0
0x13A44,0xe8
0x13A46,0x2
0x13A48,0xe8
0x13A4A,0x0
0x13A4C,0xe8
0x13A4E,0x2
0x13A50,0xe8
0x13A52,0x0
0x13A54,0x0
0x13A56,0x0
0x13B00,0x0
0x13B02,0x0
0x13B04,0x0
0x13B06,0x0
0x13B08,0x0
0x13B0A,0x0
0x13B0C,0x0
0x13B0E,0x0
0x13B10,0x0
0x13B12,0x0
0x13B14,0x0
0x13B16,0x0
0x13B18,0xf8
0x13B1A,0xf8
0x13B1C,0xf8
0x13B1E,0x4
0x13B20,0x0
0x13B22,0x0
0x13B24,0x0
0x13B26,0x0
0x13B28,0x0
0x13B2A,0x0
0x13B2C,0x0
0x13B2E,0x0
0x13B30,0x0
0x13B32,0x0
0x13B34,0x0
0x13B36,0x0
0x13B38,0x0
0x13B3A,0x0
0x13B3C,0x0
0x13B3E,0x0
0x13B40,0x0
0x13B42,0x0
0x13B44,0xe8
0x13B46,0x2
0x13B48,0xe8
0x13B4A,0x0
0x13B4C,0xe8
0x13B4E,0x2
0x13B50,0xe8
0x13B52,0x0
0x13B54,0x0
0x13B56,0x0
0x13C00,0x0
0x13C02,0x0
0x13C04,0x0
0x13C06,0x0
0x13C08,0x0
0x13C0A,0x0
0x13C0C,0x0
0x13C0E,0x0
0x13C10,0x0
0x13C12,0x0
0x13C14,0x0
0x13C16,0x0
0x13C18,0x0
0x13C1A,0x0
0x13C1C,0x0
0x13C1E,0x0
0x13C20,0x0
0x13C22,0x0
0x13C24,0x0
0x13C26,0x0
0x13C28,0x0
0x13C2A,0x0
0x13C2C,0x0
0x13C2E,0x0
0x13C30,0x0
0x13C32,0x0
0x13C34,0x0
0x13C36,0x0
0x13C38,0x0
0x13C3A,0x0
0x13C3C,0x0
0x13C3E,0x0
0x13C40,0x0
0x13C42,0x0
0x13C44,0xe8
0x13C46,0x2
0x13C48,0xe8
0x13C4A,0x0
0x13C4C,0xe8
0x13C4E,0x2
0x13C50,0xe8
0x13C52,0x0
0x13C54,0x0
0x13C56,0x0
0x13D00,0x0
0x13D02,0x0
0x13D04,0x0
0x13D06,0x0
0x13D08,0x0
0x13D0A,0x0
0x13D0C,0x0
0x13D0E,0x0
0x13D10,0x0
0x13D12,0x0
0x13D14,0x0
0x13D16,0x0
0x13D18,0x0
0x13D1A,0x0
0x13D1C,0x0
0x13D1E,0x0
0x13D20,0x0
0x13D22,0x0
0x13D24,0x0
0x13D26,0x0
0x13D28,0x0
0x13D2A,0x0
0x13D2C,0x0
0x13D2E,0x0
0x13D30,0x0
0x13D32,0x0
0x13D34,0x0
0x13D36,0x0
0x13D38,0x0
0x13D3A,0x0
0x13D3C,0x0
0x13D3E,0x0
0x13D40,0x0
0x13D42,0x0
0x13D44,0x0
0x13D46,0x0
0x13D48,0x0
0x13D4A,0x0
0x13D4C,0x0
0x13D4E,0x0
0x13D50,0x0
0x13D52,0x0
0x13D54,0x0
0x13D56,0x0
0x13E00,0x0
0x13E02,0x0
0x13E04,0x0
0x13E06,0x0
0x13E08,0x0
0x13E0A,0x0
0x13E0C,0x0
0x13E0E,0x0
0x13E10,0x0
0x13E12,0x0
0x13E14,0x0
0x13E16,0x0
0x13E18,0x0
0x13E1A,0x0
0x13E1C,0x0
0x13E1E,0x0
0x13E20,0x0
0x13E22,0x0
0x13E24,0x0
0x13E26,0x0
0x13E28,0x0
0x13E2A,0x0
0x13E2C,0x0
0x13E2E,0x0
0x13E30,0x0
0x13E32,0x0
0x13E34,0x0
0x13E36,0x0
0x13E38,0x0
0x13E3A,0x0
0x13E3C,0x0
0x13E3E,0x0
0x13E40,0x0
0x13E42,0x0
0x13E44,0x0
0x13E46,0x0
0x13E48,0x0
0x13E4A,0x0
0x13E4C,0x0
0x13E4E,0x0
0x13E50,0x0
0x13E52,0x0
0x13E54,0x0
0x13E56,0x0
0x13F00,0x0
0x13F02,0x0
0x13F04,0x0
0x13F06,0x0
0x13F08,0x0
0x13F0A,0x0
0x13F0C,0x0
0x13F0E,0x0
0x13F10,0x0
0x13F12,0x0
0x13F14,0x0
0x13F16,0x0
0x13F18,0x0
0x13F1A,0x0
0x13F1C,0x0
0x13F1E,0x0
0x13F20,0x0
0x13F22,0x0
0x13F24,0x0
0x13F26,0x0
0x13F28,0x0
0x13F2A,0x0
0x13F2C,0x0
0x13F2E,0x0
0x13F30,0x0
0x13F32,0x0
0x13F34,0x0
0x13F36,0x0
0x13F38,0x0
0x13F3A,0x0
0x13F3C,0x0
0x13F3E,0x0
0x13F40,0x0
0x13F42,0x0
0x13F44,0x0
0x13F46,0x0
0x13F48,0x0
0x13F4A,0x0
0x13F4C,0x0
0x13F4E,0x0
0x13F50,0x0
0x13F52,0x0
0x13F54,0x0
0x13F56,0x0
0x16332,0xc
0x16000,0x2
0x16004,0x2
0x16002,0x2
0x16006,0x2
0x1610c,0x4
0x16018,0x4
0x1601c,0x4
0x1601e,0x4
0x1601a,0x4
0x16016,0x4
0x16012,0x4
0x16014,0x4
0x1600e,0x4
0x1600c,0x4
0x1600a,0x4
0x16008,0x4
0x16118,0x4
0x16116,0x4
0x16114,0x4
0x16112,0x4
0x16104,0x4
0x1610a,0x4
0x16110,0x4
0x1611a,0x4
0x1610e,0x4
0x16108,0x4
0x16100,0x4
0x16106,0x4
0x16102,0x4
0x1611e,0x0
0x1611c,0x0
0x16010,0x0
0x1F006,0x0
0x1E13A,0x5555
0x1E13C,0x0
0x1E006,0x6
0x1E008,0x7
0x1E00A,0x7
0x1F004,0x34F4
0x16100,0x3C
0x16102,0x22
0x16104,0x22
0x16106,0x22
0x16108,0x22
0x1610A,0x22
0x1610C,0x22
0x1610E,0x22
0x16110,0x22
0x16112,0x22
0x16114,0x22
0x16116,0x22
0x16118,0x22
0x1611A,0x22
0x1611C,0x22
0x1611E,0x22
0x16000,0x22
0x16002,0x22
0x16004,0x22
0x16006,0x22
0x16008,0x22
0x1600A,0x22
0x1600C,0x22
0x1600E,0x22
0x16010,0x22
0x16012,0x22
0x16014,0x22
0x16016,0x22
0x16018,0x22
0x1601A,0x22
0x1601C,0x22
0x1601E,0x22
0x1E100,0x10